title,artist,lyrics,pronunciation,translation,youtube_id
I Feel Good,Pink Sweat$ (핑크스웨츠),,,,y3B_9oXN7-o
Lows,Pink Sweat$ (핑크스웨츠),,,,zK4e0i_9y0Q
Heaven,Pink Sweat$ (핑크스웨츠),,,,Ewz2v6Q-QhU
Paradise,Pink Sweat$ (핑크스웨츠),,,,G93jYv_n8e4
No Replacing You,Pink Sweat$ (핑크스웨츠),,,,lEzyx2Sg5jU
For Me,Pink Sweat$ (핑크스웨츠),,,,T_8rI5U5nLw
Cadillac Drive,Pink Sweat$ (핑크스웨츠),,,,0j5P_V4U9iU
Nothing Feels Better,Pink Sweat$ (핑크스웨츠),,,,P3sBqXj1e9Y
Easy,Pink Sweat$ (핑크스웨츠),,,,PzP1Y7WqH7E
Pink City,Pink Sweat$ (핑크스웨츠),,,,P_4gE3bB_1E
17,Pink Sweat$ (핑크스웨츠),,,,14o_S9iG_tQ
All My Assets,Pink Sweat$ (핑크스웨츠),,,,s2c9Y95z8Q0
Soul Train,Pink Sweat$ (핑크스웨츠),,,,5t02U_y1G8A
Run Through Fire,Pink Sweat$ (핑크스웨츠),,,,fCgNf-XfE9I
Lay Up,Pink Sweat$ (핑크스웨츠),,,,4WqT5-5-eEw
At My Worst,Pink Sweat$ (핑크스웨츠),,,,W-Yf8i_4nB4
Honesty,Pink Sweat$ (핑크스웨츠),,,,d2zWJ42_p_c
I Feel Good (Reprise),Pink Sweat$ (핑크스웨츠),,,,y3B_9oXN7-o
Ride With Me,Pink Sweat$ (핑크스웨츠),,,,V003v86i3_w
潜水,SAKIYAMA SOUSHI (사키야마 소우시),,,,gYf80J6E650
Ito,SAKIYAMA SOUSHI (사키야마 소우시),,,,O0oR0X4jQ-8
光あれ,SAKIYAMA SOUSHI (사키야마 소우시),,,,mR9lUoV3N7Y
幽谷,SAKIYAMA SOUSHI (사키야마 소우시),,,,9N4Lh61qJ9c
嘘じゃない,SAKIYAMA SOUSHI (사키야마 소우시),,,,h23lP7W_s3M
栞,SAKIYAMA SOUSHI (사키야마 소우시),,,,58l_W4H5UeA
過剰,SAKIYAMA SOUSHI (사키야마 소우시),,,,yJ-8Vb48K9g
クレヨン,SAKIYAMA SOUSHI (사키야마 소우시),,,,F_yM5h5nU-A
塩と砂糖,SAKIYAMA SOUSHI (사키야마 소우시),,,,9VjQ5o75kdo
踊り,SAKIYAMA SOUSHI (사키야마 소우시),,,,H0hUv428k4k
そのまま,SAKIYAMA SOUSHI (사키야마 소우시),,,,FwzUqC3d9E0
ただいま,SAKIYAMA SOUSHI (사키야마 소우시),,,,xR5-fI8vC-U
ラン・ラン・ラン,SAKIYAMA SOUSHI (사키야마 소우시),,,,4X6u9B2yI3M
天を仰ぐ,SAKIYAMA SOUSHI (사키야마 소우시),,,,Tf0mC_f0Dqs
遠い春,SAKIYAMA SOUSHI (사키야마 소우시),,,,H893nU-f65c
静寂,SAKIYAMA SOUSHI (사키야마 소우시),,,,sB-WpU8m_7c
逆光,SAKIYAMA SOUSHI (사키야마 소우시),,,,F9vU1tP4t-U
北斗,SAKIYAMA SOUSHI (사키야마 소우시),,,,R-D5zF0fS1A
Alive and Kickin',Eric Martin (에릭 마틴),,,,hBf1qL-M-0Y
"Daddy, Brother, Lover, Little Boy (The Electric Drill Song)",Eric Martin (에릭 마틴),,,,8P2_S9w8s9A
American Beauty,Eric Martin (에릭 마틴),,,,f5YgE_03pXU
Promise Her the Moon,Eric Martin (에릭 마틴),,,,p6c2-0B-Y8E
Just Take My Heart,Eric Martin (에릭 마틴),,,,y4GjL1O_51k
Green-Tinted Sixties Mind,Eric Martin (에릭 마틴),,,,L26yL-5P43c
My New Religion,Eric Martin (에릭 마틴),,,,7o3Fz1gJ8tM
Take Cover,Eric Martin (에릭 마틴),,,,2M0M8lq1K7o
Goin' Where the Wind Blows,Eric Martin (에릭 마틴),,,,6sH8bE8Q_8E
Colorado Bulldog,Eric Martin (에릭 마틴),,,,2P_j4-0Fk_I
Addicted to That Rush,Eric Martin (에릭 마틴),,,,70W_j02PzG4
Shine,Eric Martin (에릭 마틴),,,,K3w-n5zU0-0
Everyday,Eric Martin (에릭 마틴),,,,tD-jU2-Rz8g
Voodoo Kiss,Eric Martin (에릭 마틴),,,,WwHk7O8Kjqs
Lucky Stars,Eric Martin (에릭 마틴),,,,9t6O2Kz292k
To Be With You,Eric Martin (에릭 마틴),,,,5ND0l6y0N3Q
Wild World,Eric Martin (에릭 마틴),,,,s8Y09a47L8k
Road to Ruin,Eric Martin (에릭 마틴),,,,F-i3U60J9fI
Ketuvim,ARGY (아르지),,,,4jS0M_53Jz8
Tataki,ARGY (아르지),,,,zVfS4t1H0lE
Aria,ARGY (아르지),,,,8fN_652iU5o
Higher Power,ARGY (아르지),,,,vS2h3sU0M1Y
When I'm Falling,ARGY (아르지),,,,M0t316F923o
The World Is Not Enough,ARGY (아르지),,,,5j-Yj_h4o1Q
Pleasure,ARGY (아르지),,,,q11L72x0e3U
The Sun Is Coming Up,ARGY (아르지),,,,Vj54N9M04rU
Muzem,ARGY (아르지),,,,k8K807g2b6A
Daze,ARGY (아르지),,,,eL3v216yVpM
Dystopia,ARGY (아르지),,,,n9tG3fQ3vH8
The Midnight Sun,ARGY (아르지),,,,JtL5nO6WfO8
Mental Powers,ARGY (아르지),,,,167-G8r6XvU
Eternity,ARGY (아르지),,,,K8G0XfGk_hI
D.T.F.K.,ARGY (아르지),,,,p0yUeG6wW6o
Who's Gonna Save Us,ARGY (아르지),,,,qR6Gz3V05v4
Look At Me,ARGY (아르지),,,,T11E26k8-6Y
FOG HORN,MADKID (매드키드),,,,_L1YwJ7yv8o
Last Climber,MADKID (매드키드),,,,yE7cQx2N9fA
Party Up!!,MADKID (매드키드),,,,YgWlU4eI6V0
TOKYO LIGHTS,MADKID (매드키드),,,,iS8LwT6X61o
Overthrow,MADKID (매드키드),,,,6wKx6Dk2F7A
Future Notes,MADKID (매드키드),,,,W64-R-2sH2k
Change The World,MADKID (매드키드),,,,hVj0_e_qM-w
RISE,MADKID (매드키드),,,,o6X1pB2_FkU
IGNITION,MADKID (매드키드),,,,0Xn994U8DfY
SWEETEST BITE,MADKID (매드키드),,,,8n1j94hN9-s
Brand New World,MADKID (매드키드),,,,4z3Y1wP07kE
ZERO,MADKID (매드키드),,,,M741q_q9U0s
One Room,MADKID (매드키드),,,,m9pQo-iE8o4
With You,MADKID (매드키드),,,,O10bQf_Jc3k
Light up,MADKID (매드키드),,,,d46U5rYp21I
FAITH,MADKID (매드키드),,,,t7D-m7q6cT8
GIANT KILLING,MADKID (매드키드),,,,G14XQ3gO5a0
Get down,MADKID (매드키드),,,,fCj0M-g76aY
SUMMER TIME,MADKID (매드키드),,,,k2g4OaU-XkY
K.O.K,MADKID (매드키드),,,,8n7i3l0n9-k
F***ing in the Bushes (Intro),Oasis (오아시스),,,,bK463Cg41aU
Rock 'n' Roll Star,Oasis (오아시스),,,,gG1eJ3E_h4o
Lyla,Oasis (오아시스),,,,s4J8g8x1q04
The Shock of the Lightning,Oasis (오아시스),,,,A3y_1jE7K5U
Morning Glory,Oasis (오아시스),,,,J3XbXm1C1cE
Supersonic,Oasis (오아시스),,,,BJKD_09x04g
Roll With It,Oasis (오아시스),,,,XbF2A8_mC9I
Cigarettes & Alcohol,Oasis (오아시스),,,,f9e7hK7lQh8
The Masterplan,Oasis (오아시스),,,,lR4Jq_B-o7I
Some Might Say,Oasis (오아시스),,,,Y26dFz4lQ_A
Slide Away,Oasis (오아시스),,,,H4x4f36E97w
Acquiesce,Oasis (오아시스),,,,L-i5zYq1S6U
Half the World Away,Oasis (오아시스),,,,p-sO-i6_s7M
Little By Little,Oasis (오아시스),,,,l-x68nK2J3Y
Whatever,Oasis (오아시스),,,,h4YVkJbLgY8
Wonderwall,Oasis (오아시스),,,,bx1Bh8eaHBM
Live Forever,Oasis (오아시스),,,,i_2OKK50_1g
Don't Look Back In Anger,Oasis (오아시스),,,,r8p_w-5C4vE
Champagne Supernova,Oasis (오아시스),,,,tI-K63tT-6c
グッドラック (Good Luck),TOMIOKA AI (토미오카 아이),,,,y3bK0y50S7k
愛 (Ai),TOMIOKA AI (토미오카 아이),,,,sQyM9QY9l-4
愛し愛され生きるのさ (Aishi Aisare Ikiru no sa),TOMIOKA AI (토미오카 아이),,,,W9R4rTz587c
Re:name,TOMIOKA AI (토미오카 아이),,,,R0x_qg4Ld7I
あなたを愛してる (Anata wo Aishiteru),TOMIOKA AI (토미오카 아이),,,,1m0t6_D_wI4
星が降る夜に (Hoshi ga Furu Yoru ni),TOMIOKA AI (토미오카 아이),,,,0y3s9yq4D8M
私の居ない世界 (Watashi no Inai Sekai),TOMIOKA AI (토미오카 아이),,,,KqD-D8S6p00
傘 (Kasa),TOMIOKA AI (토미오카 아이),,,,55M2yYn1E38
夢 (Yume),TOMIOKA AI (토미오카 아이),,,,8Vb3tG3sC-Q
My Place,TOMIOKA AI (토미오카 아이),,,,4jS-e-6oG3M
好きになってごめんね (Suki ni Natte Gomen ne),TOMIOKA AI (토미오카 아이),,,,1v3S5Zt1hN0
この街に咲く花 (Kono Machi ni Saku Hana),TOMIOKA AI (토미오카 아이),,,,Lp1z4Zf6g0E
東京 (Tokyo),TOMIOKA AI (토미오카 아이),,,,H2l6d-O8P48
愛すべき人よ (Aisubeki Hito yo),TOMIOKA AI (토미오카 아이),,,,e_bO4t0_7_0
ふたつ (Futatsu),TOMIOKA AI (토미오카 아이),,,,iLq5e0JpLzI
グッバイ (Goodbye),TOMIOKA AI (토미오카 아이),,,,sJ1K1QY0M9s
愛に生きて (Ai ni Ikite),TOMIOKA AI (토미오카 아이),,,,2P_Y0F5qYkI
Oropesa,John Carroll Kirby (존 캐럴 커비),,,,Jm00qG4H7o4
Dawn of New Day,John Carroll Kirby (존 캐럴 커비),,,,R3LqFvjO_4c
Green Blue,John Carroll Kirby (존 캐럴 커비),,,,mH4J6e8z-zE
My Garden,John Carroll Kirby (존 캐럴 커비),,,,68T9Fj0p9m4
Blueberry Beads,John Carroll Kirby (존 캐럴 커비),,,,53zL2r567b4
Pan's Dance,John Carroll Kirby (존 캐럴 커비),,,,gJg3P5eXoM0
The Juice of Feeling,John Carroll Kirby (존 캐럴 커비),,,,gT83Jb7F1wM
Frog Life,John Carroll Kirby (존 캐럴 커비),,,,O111sLgL9_0
Makers of Time,John Carroll Kirby (존 캐럴 커비),,,,d_k675d0i3s
Rainmaker,John Carroll Kirby (존 캐럴 커비),,,,333M20d4F9A
Implosion,John Carroll Kirby (존 캐럴 커비),,,,hJ-2sH0kP_k
By The Sea,John Carroll Kirby (존 캐럴 커비),,,,H77sJ-Vd1fM
Lavender,John Carroll Kirby (존 캐럴 커비),,,,XzG-wW_0bY4
Sensing It,John Carroll Kirby (존 캐럴 커비),,,,T_lRzS9r0fI
Horizon,John Carroll Kirby (존 캐럴 커비),,,,m-v3XyE8-mQ
Geese,John Carroll Kirby (존 캐럴 커비),,,,SjB-M6b0m7c
Conveyor Belt,John Carroll Kirby (존 캐럴 커비),,,,XW9yS10oJpY
2way nice guy,Creepy Nuts (크리피 너츠),,,,R4r2P5sL3yY
堕天,Creepy Nuts (크리피 너츠),,,,yGzT3G7tNvk
かつて天才だった俺たちへ,Creepy Nuts (크리피 너츠),,,,2xQf38mKz9I
みんなちがって、みんないい,Creepy Nuts (크리피 너츠),,,,xR78Iq7Gf2o
ヘルシー,Creepy Nuts (크리피 너츠),,,,j-o2UfR026U
かくれんぼ,Creepy Nuts (크리피 너츠),,,,hEaG_jLz2-k
あけぼの,Creepy Nuts (크리피 너츠),,,,xS8_yR-eF4E
地獄園,Creepy Nuts (크리피 너츠),,,,iS8Xf9sT3wE
バッドオレンジズ,Creepy Nuts (크리피 너츠),,,,40c-L8j2y-o
夢のつむぎ,Creepy Nuts (크리피 너츠),,,,0S6iUa8u_9c
ラッパーの生活,Creepy Nuts (크리피 너츠),,,,J_Vz7k6IuY0
新・ラッパーの生活,Creepy Nuts (크리피 너츠),,,,l4mEw6z82rE
のびしろ,Creepy Nuts (크리피 너츠),,,,LBYg9N_C38o
よふかしのうた,Creepy Nuts (크리피 너츠),,,,gAP4-M1Kz4A
Bling-Bang-Bang-Born,Creepy Nuts (크리피 너츠),,,,N7Jt1mSg6_A
おぼろげ,Creepy Nuts (크리피 너츠),,,,eH01L96m82w
Goodbye,toe (토),,,,sa5W14P0V7E
Tremolo + Delay,toe (토),,,,F_fV33D_oFk
The Book About My Idle Words,toe (토),,,,t0r-Rk27h8U
Long For,toe (토),,,,wX-yP2X8k8M
Kodoku No Hatsumei (孤獨の発明),toe (토),,,,Cq_mQ_3zC0Q
Our Next Movement,toe (토),,,,oXhE3Uu85_I
Dizzy,toe (토),,,,7M_3T683gY4
Path,toe (토),,,,E0r554QfC5k
Saigo No Bansan (最後の一餐),toe (토),,,,s5RjXm3Yx10
C,toe (토),,,,P2lq7c83_1A
A Little Knowledge,toe (토),,,,LqUjC1E0y14
Two Moons,toe (토),,,,XhI2m493E4Q
After Image,toe (토),,,,Yf-G5G_Q-mU
Etude,toe (토),,,,L2G3wN1Pz5g
Me And The Wall,toe (토),,,,hGvP6nL_cKk
You Go,toe (토),,,,f9x-3P0zT3I
The Latest,toe (토),,,,YJ7N-eKxU7I
Take Me Back,JORDANN (조던),,,,8wXgYf-wX1c
Love Is,JORDANN (조던),,,,rU4M_Wb_R2c
HOME,JORDANN (조던),,,,u59wY6e0wSg
Dreaming,JORDANN (조던),,,,n6fW_5X8d-Y
밤 (Night),JORDANN (조던),,,,9H0g7b6L-cM
Be My Love,JORDANN (조던),,,,83n9B72h_K8
Blue (feat. punchnello),JORDANN (조던),,,,Q-jI5iM51gA
Rain,JORDANN (조던),,,,R0X6Q5jS-iU
On My Way,JORDANN (조던),,,,m9Yc_n46K5Y
"Love, That Is",JORDANN (조던),,,,rLqH_z1jH-8
그 밤 (That Night),JORDANN (조던),,,,2hY60s_3i9g
Don't Lie,JORDANN (조던),,,,Ue6x67jUe9E
Lost,JORDANN (조던),,,,n013jT5lM_Y
Like a Star,JORDANN (조던),,,,Y_rX5wE3G4Y
Summer (feat. sogumm),JORDANN (조던),,,,PqD3w9bQf7Y
Fallin',JORDANN (조던),,,,n013jT5lM_Y
Paradise,JORDANN (조던),,,,1mQ8NqJ1S7o
Take Me Higher,JORDANN (조던),,,,p8Gv25L5V7Q
DISSENSION,NEMOPHILA (네모필라),,,,yZ_h54wV3_w
REVIVE,NEMOPHILA (네모필라),,,,83M6dGvG7XQ
Seize the Fate,NEMOPHILA (네모필라),,,,nC_fL8pL5f8
RISE,NEMOPHILA (네모필라),,,,m9aB8N7fLdI
Hammer Down,NEMOPHILA (네모필라),,,,Oa7y45k3K8U
ERA,NEMOPHILA (네모필라),,,,8U39f6D5n8c
MONSTERS,NEMOPHILA (네모필라),,,,O_81l0-H-0w
FIGHTER,NEMOPHILA (네모필라),,,,R0w9k2LqG0o
STYLE,NEMOPHILA (네모필라),,,,v770X68B25s
RAITEI,NEMOPHILA (네모필라),,,,R4tYtJgI8K0
OSKR,NEMOPHILA (네모필라),,,,n4j_nL_q0-s
ODYSSEY,NEMOPHILA (네모필라),,,,6i7H26y0p7o
Night Flight,NEMOPHILA (네모필라),,,,X8vW2e1Y20E
Waiting for you,NEMOPHILA (네모필라),,,,0Dk2yI8_4rY
ZEN,NEMOPHILA (네모필라),,,,X1bF1sY2P8Y
OIRAN,NEMOPHILA (네모필라),,,,sY9f2pPzC-o
Change the World,NEMOPHILA (네모필라),,,,1sK55B7B1_o
Bijin,CHANMINA (챤미나),,,,4Yc3i2wVdGg
Harenchi,CHANMINA (챤미나),,,,1U_Vz9Xn2gI
Nonsense,CHANMINA (챤미나),,,,H67R5b-T8q8
Never Grow Up,CHANMINA (챤미나),,,,lB0M_3cQ46g
QUEEN,CHANMINA (챤미나),,,,p2t-b71qf2M
I'm a Pop,CHANMINA (챤미나),,,,4W3i5eM4K2c
PAIN IS BEAUTY,CHANMINA (챤미나),,,,yvR0JvP9VjQ
Don't go,CHANMINA (챤미나),,,,g87uUqC976Y
Voice Memo No. 5,CHANMINA (챤미나),,,,Jv2X9Y1JcWc
Angel,CHANMINA (챤미나),,,,Y4L7_Ym0s0M
Princess,CHANMINA (챤미나),,,,o_w6_M2D4k0
Picky,CHANMINA (챤미나),,,,5-7t-7c6K-Q
Doctor,CHANMINA (챤미나),,,,M_g7_T1d-1A
My Own Lane,CHANMINA (챤미나),,,,2P7Yh_tC6-g
TOKYO 4AM,CHANMINA (챤미나),,,,zY0s0H-9H4M
CHOCOLATE,CHANMINA (챤미나),,,,yY4s0X-0L3I
RED,CHANMINA (챤미나),,,,Z0_t8u-Y6Y0
PERFECT,CHANMINA (챤미나),,,,Q_g8_Y9Wz9X
relive,toconoma (토코노마),,,,zVf-1XyYmR8
Sunny,toconoma (토코노마),,,,Q5dF6_K4x5w
Take Over,toconoma (토코노마),,,,9B0nE5j48yE
Orange,toconoma (토코노마),,,,m9Ua9b-o94A
yellow soul,toconoma (토코노마),,,,K8oF_lD94Wk
Vermilion,toconoma (토코노마),,,,1o5z-2VnKxU
Re: Re: Re:,toconoma (토코노마),,,,vX6Rj6XFfR0
KURENAI,toconoma (토코노마),,,,yM4n1P-yK3Y
The Night,toconoma (토코노마),,,,s8pP_0sVw1Y
Rising,toconoma (토코노마),,,,Y_4mS63b36s
Hangover,toconoma (토코노마),,,,D9l0Wn9c4bA
Harunohi,toconoma (토코노마),,,,1m4T1hWq8Rk
Way to the sea,toconoma (토코노마),,,,Kq0LpD69_Sg
Chandelier,toconoma (토코노마),,,,U0172h3j5Dk
Trail,toconoma (토코노마),,,,2L4T2q8Gf1U
Paradise,toconoma (토코노마),,,,pL_Yvj2aL7E
The Balance,JAKE MILLER (제이크 밀러),,,,F07NysYkEIM
Naked,JAKE MILLER (제이크 밀러),,,,zJ_h67m5W3Y
Dazed and Confused,JAKE MILLER (제이크 밀러),,,,s3w2I_F4BVM
Sleeping With Strangers,JAKE MILLER (제이크 밀러),,,,z5Xm9dO116k
Superhuman,JAKE MILLER (제이크 밀러),,,,q6-M4g9235o
First Flight Home,JAKE MILLER (제이크 밀러),,,,oV8pP_iWz4Q
Wait For You,JAKE MILLER (제이크 밀러),,,,qXg4_V12D1I
Parade,JAKE MILLER (제이크 밀러),,,,d_xKxG2lF2Q
I Hope I Don't Get Sick or Die,JAKE MILLER (제이크 밀러),,,,F8F4fK-J9h8
Leave My Mind,JAKE MILLER (제이크 밀러),,,,1F56gS54lQY
Rumors,JAKE MILLER (제이크 밀러),,,,D-q7wWd0VbA
The Girl That's Right For You,JAKE MILLER (제이크 밀러),,,,R_0dJ80f72s
Selfish Games,JAKE MILLER (제이크 밀러),,,,3-M9XqXhK9c
Saved Me,JAKE MILLER (제이크 밀러),,,,9gWzK5f4p6I
Let Go (Interlude),JAKE MILLER (제이크 밀러),,,,xHjY26K66g4
Let Go,JAKE MILLER (제이크 밀러),,,,0kE150UeS34
What If You Were Right,JAKE MILLER (제이크 밀러),,,,L25sD6J8W0Y
Stay Right Here,JAKE MILLER (제이크 밀러),,,,sU142sL8YjM
Take My Breath Away,JAKE MILLER (제이크 밀러),,,,c3r7E_k93yM
Overnight,JAKE MILLER (제이크 밀러),,,,b4l_3_02D9s
Party in the Basement,JAKE MILLER (제이크 밀러),,,,wzE_N06rT4g
Good Time Girl,JAKE MILLER (제이크 밀러),,,,52s5zNqCq64
Blame It on You,JAKE MILLER (제이크 밀러),,,,0R13wLpE3lM
Green Light,JAKE MILLER (제이크 밀러),,,,q6XFj4Qd-g4
Silver Lining,JAKE MILLER (제이크 밀러),,,,8VqC7tH9Q-M
All These Nights,Tom Grennan (톰 그래넌),,,,9tQx17aT97k
Something In The Water,Tom Grennan (톰 그래넌),,,,cI0Xf3A-eN4
How Does It Feel,Tom Grennan (톰 그래넌),,,,7H5J4zJ_v7I
Remind Me,Tom Grennan (톰 그래넌),,,,3yP0R80LqKk
You Are Not Alone,Tom Grennan (톰 그래넌),,,,B0-w-J2fM2o
Found What I've Been Looking For,Tom Grennan (톰 그래넌),,,,7Lz57L1z8D4
This Is The Place,Tom Grennan (톰 그래넌),,,,X_jB-Q0D_18
Love Has Different Ways,Tom Grennan (톰 그래넌),,,,g-56wDk5i7M
By Your Side,Tom Grennan (톰 그래넌),,,,hBqT2cO3Hw4
Lionheart (Fearless),Tom Grennan (톰 그래넌),,,,zVf6Uq00r8E
Here,Tom Grennan (톰 그래넌),,,,c76K_b4r72c
P.S. I Love You,Tom Grennan (톰 그래넌),,,,k92tUu86720
Let's Go Home Together,Tom Grennan (톰 그래넌),,,,yL0g5X4R9qY
Don't Break The Heart,Tom Grennan (톰 그래넌),,,,b0-FmB2g35k
Little Bit of Love,Tom Grennan (톰 그래넌),,,,oE4P00N_8m8
Sober,Tom Grennan (톰 그래넌),,,,4j0BvG5-9i8
This Side of the Room,Tom Grennan (톰 그래넌),,,,gL790q80_yI
Calm Down,Tom Grennan (톰 그래넌),,,,e_b-5x_qNCA
Will Of The People,MUSE (뮤즈),,,,sR3w8_2f3nQ
Psycho,MUSE (뮤즈),,,,UqLRzGfC07U
Compliance,MUSE (뮤즈),,,,N9Bw9yPqX2c
Plug In Baby,MUSE (뮤즈),,,,DBz_y_7e7S4
Won't Stand Down,MUSE (뮤즈),,,,O_F_R_l2oOQ
Kill Or Be Killed,MUSE (뮤즈),,,,Q3Yc3HhSlbg
Supermassive Black Hole,MUSE (뮤즈),,,,fN6_r2K1k5s
Hysteria,MUSE (뮤즈),,,,3dm_5qWWDV8
Thought Contagion,MUSE (뮤즈),,,,L_A_x6_R5kg
Time Is Running Out,MUSE (뮤즈),,,,O2IuJYM6bXY
Madness,MUSE (뮤즈),,,,Ec4F11M-p_M
Uprising,MUSE (뮤즈),,,,w8KQmp-EPqo
Verona,MUSE (뮤즈),,,,0U_3x72V2_0
Stockholm Syndrome,MUSE (뮤즈),,,,gG2l-XpQ8eQ
Take a Bow,MUSE (뮤즈),,,,fDq0d6fJ6J4
Bliss,MUSE (뮤즈),,,,e0C_xN0tB30
Starlight,MUSE (뮤즈),,,,mX3j_R-R4Qo
Knights of Cydonia,MUSE (뮤즈),,,,G_sBOh_j_14
Character (キャラクター),Ryokuoushoku Shakai (녹황색사회),,,,w80l37mS50o
Starry Night,Ryokuoushoku Shakai (녹황색사회),,,,8b0j4m4cM_o
Monster (怪物),Ryokuoushoku Shakai (녹황색사회),,,,1s5yYpX28aQ
LITMUS (リトマス),Ryokuoushoku Shakai (녹황색사회),,,,R4a6F5R2K8I
Pink Blue (ピンクブルー),Ryokuoushoku Shakai (녹황색사회),,,,o_7P2-8BkyQ
Sabotage (サボタージュ),Ryokuoushoku Shakai (녹황색사회),,,,2P8aE-eN6u8
Flower (花になって),Ryokuoushoku Shakai (녹황색사회),,,,0S9D2tQh4Jg
Ao ni Naru (蒼炎),Ryokuoushoku Shakai (녹황색사회),,,,k9lU_oO7T0A
JUMP,Ryokuoushoku Shakai (녹황색사회),,,,D9614_GfM_4
Landscape (ランドマーク),Ryokuoushoku Shakai (녹황색사회),,,,5lXJj4k7qg0
Brighten Up (ブライトンアップ),Ryokuoushoku Shakai (녹황색사회),,,,B81W6v9k7f4
Actor (Actor),Ryokuoushoku Shakai (녹황색사회),,,,9926867q39M
Bokura wa Mada (僕らはまだ),Ryokuoushoku Shakai (녹황색사회),,,,E9p34I681wE
Sakura Aika (さくら愛歌),Ryokuoushoku Shakai (녹황색사회),,,,Dcl6jT1L17w
Shiawase (幸せ),Ryokuoushoku Shakai (녹황색사회),,,,gN5807P13dM
Hajimari no Uta (始まりの歌),Ryokuoushoku Shakai (녹황색사회),,,,s0c2aL95X9U
Mela! (MERA!),Ryokuoushoku Shakai (녹황색사회),,,,aF0d61p-E5c
Ryokuoushoku Hibi (緑黄色日々),Ryokuoushoku Shakai (녹황색사회),,,,rSgG-l-503g
Chain,ASCA (아스카),,,,qKk_J7b0d0c
RESISTER,ASCA (아스카),,,,YtJ4o98lE6Y
Howling,ASCA (아스카),,,,Bq81c6l4eM4
No.F,ASCA (아스카),,,,L5oQJ7dJm9E
RUST,ASCA (아스카),,,,dD_q0xH-m08
Lynne,ASCA (아스카),,,,e7J0e0h7Q0M
VIVID,ASCA (아스카),,,,v7L3l0v4M6I
Selfrontier,ASCA (아스카),,,,wNl_5eB9N0w
君が見た夢の物語,ASCA (아스카),,,,E6F5c6R5H5E
KOE,ASCA (아스카),,,,lY0h7J5C9uU
天秤 -Libra-,ASCA (아스카),,,,Q3F1K1L0Q7s
Real Me,ASCA (아스카),,,,S8A5s7D0R6E
Hibana,ASCA (아스카),,,,T8A9A4K0P7s
Don't cry,ASCA (아스카),,,,yT6iVqj5w-Y
Purple Dawn,ASCA (아스카),,,,vK6V2M-h860
雲を抜けて,ASCA (아스카),,,,Z5Ew4q2X9hQ
Ooh La La,Jacky Cheung (장학우),,,,L0E-2F_490Q
交叉算了 (Let's Just Cross It Out),Jacky Cheung (장학우),,,,0-692H3z02s
等你等到我心痛 (Waiting Till My Heart Aches),Jacky Cheung (장학우),,,,lqW3jJ_Vn-w
我應該 (I Should),Jacky Cheung (장학우),,,,X3h_dYtI6c8
愛是永恆 (Love Is Eternal),Jacky Cheung (장학우),,,,w84_3iV-o3g
李香蘭 (Li Xiang Lan),Jacky Cheung (장학우),,,,vW3c15R951A
她來聽我的演唱會 (She Came to Listen to My Concert),Jacky Cheung (장학우),,,,B7eK3N96S-Y
心如刀割 (Heart Like a Knife Cut),Jacky Cheung (장학우),,,,g18l69r1BGM
月半彎 (Half Moon),Jacky Cheung (장학우),,,,PqgQh0l1G04
每天愛你多一些 (Loving You More Each Day),Jacky Cheung (장학우),,,,o2v50rW5q4k
一路上有你 (You Are There All the Way),Jacky Cheung (장학우),,,,Xp7JcO3Xf4E
餓狼傳說 (Hungry Wolf Legend),Jacky Cheung (장학우),,,,m0H7dJk9W6w
吻別 (Goodbye Kiss),Jacky Cheung (장학우),,,,LqX0PqD-29Q
祝福 (Blessing),Jacky Cheung (장학우),,,,0-k7B2UswqM
情書 (Love Letter),Jacky Cheung (장학우),,,,5zI9jR1B94s
如果這都不算愛 (If This Is Not Love),Jacky Cheung (장학우),,,,Wv24_17xVjQ
真情流露 (True Feelings Revealed),Jacky Cheung (장학우),,,,J53h3oNnB2I
頭髮亂了 (Hair Is Messy),Jacky Cheung (장학우),,,,qTz9FvL2iUo
太陽星辰 (Sun and Stars),Jacky Cheung (장학우),,,,U3v-v0j9750
PRIDE,SCANDAL (스캔들),,,,cW1XyLqE2Dk
Take Me Out,SCANDAL (스캔들),,,,Y_4x44-A754
Highlight of Our Life,SCANDAL (스캔들),,,,xG-0t4-m_v8
Shunkan Sentimental,SCANDAL (스캔들),,,,J_k9p2pQ50s
Line of sight,SCANDAL (스캔들),,,,tEaO1BvK7p8
HARUKAZE,SCANDAL (스캔들),,,,oJz1b-5m5S8
SPICE,SCANDAL (스캔들),,,,l3_Y3n_S9jY
Love Survive,SCANDAL (스캔들),,,,t_f352F7-6M
MIRROR,SCANDAL (스캔들),,,,9w2W8R1g00k
eternal,SCANDAL (스캔들),,,,Y0f6i1g8jB0
Catch the wave,SCANDAL (스캔들),,,,rF8jC0m45eY
one piece,SCANDAL (스캔들),,,,6jR0qX02K4M
Image,SCANDAL (스캔들),,,,QcIu29Q9a4M
"Awanaitsumorino, Genkidene",SCANDAL (스캔들),,,,2xL409tG30g
SCANDAL BABY,SCANDAL (스캔들),,,,v2W0s9V8y0c
NEW LAND,SCANDAL (스캔들),,,,2B2tX2-5vR8
Living in the city,SCANDAL (스캔들),,,,D9-3N_V_Kq0
master piece,SCANDAL (스캔들),,,,69vS4oG9g0w
ぼくらのDAYS,Daoko (다오코),,,,kYJz7n77jF0
ステップアップLOVE,Daoko (다오코),,,,e_04ZrN4M6I
anima,Daoko (다오코),,,,cM3iL3xVd6I
カルマ,Daoko (다오코),,,,FjI5jYn8t28
御伽の街,Daoko (다오코),,,,zJ5bJ0oY5R8
メギツネ,Daoko (다오코),,,,P2L-f7f-P2E
かけてあげる,Daoko (다오코),,,,gT838y20y3A
拝啓グッバイ,Daoko (다오코),,,,525j1D89Y0Q
もしもぼくらがGAMEの主役で,Daoko (다오코),,,,L2G50hL_eJg
さみしいかみさま,Daoko (다오코),,,,H7le2W8g1lE
オワラセナイト,Daoko (다오코),,,,hN23s1461zY
終わらない世界で,Daoko (다오코),,,,0X2M0N_65C0
BANG!,Daoko (다오코),,,,wX8UuWq47mY
Dimension,Daoko (다오코),,,,8h5w-07Bf5Y
さよならメモリーズ,Daoko (다오코),,,,KzE_5Q8H5kQ
Higher,Daoko (다오코),,,,b4YQx_G-J9Y
おかえり,Daoko (다오코),,,,9LhJj_S_j9U
打上花火,Daoko (다오코),,,,-tKVN2mAKRI
BOY,Daoko (다오코),,,,sIuLw4gJ77g
DAOKO,Daoko (다오코),,,,O16K3e5M9X8
水星,Daoko (다오코),,,,l_gD9Ww1K0s
カワキヲアメク,Minami (미나미),,,,K_9pupk5N1A
アメヲマツ,Minami (미나미),,,,s552Yx4lQ28
ホログラム,Minami (미나미),,,,pD_s1p2U2tQ
DROP,Minami (미나미),,,,3B9wE8j7w6I
Rude,Minami (미나미),,,,mG_lE70e0sY
センチメンタル,Minami (미나미),,,,y100T8Wj71Y
心が音を立てる,Minami (미나미),,,,GzS14y42W_k
main actor,Minami (미나미),,,,mE9R8G0lT_4
波音,Minami (미나미),,,,QW3W5J1WlE0
君と僕の15ヶ月,Minami (미나미),,,,9X7K4P_wPzE
ETERNAL BLUE,Minami (미나미),,,,r0Q7X3xS_90
夢を食べる,Minami (미나미),,,,sV_u2K0jY4M
LOOP,Minami (미나미),,,,O5K8_d1G2pU
ゼロ,Minami (미나미),,,,hG6u8X0mO_0
ライラック,Minami (미나미),,,,h-kQpQfK010
Good Luck,Minami (미나미),,,,e_0v1u8p5t6
ODYSSEY,Novelbright (노벨브라이트),,,,eY3Q956L440
Walking with you,Novelbright (노벨브라이트),,,,w9M0r12M-dY
Awesome Life,Novelbright (노벨브라이트),,,,D1t0gVpB7eE
愛とか恋とか,Novelbright (노벨브라이트),,,,F1q4eX2D2oE
seeker,Novelbright (노벨브라이트),,,,jYF60G6o-oM
ツキミソウ,Novelbright (노벨브라이트),,,,m9mY1m2F6qI
サプライズ,Novelbright (노벨브라이트),,,,pYgC4qFzBpc
ランナーズハイ,Novelbright (노벨브라이트),,,,Uv1M308k4u0
Dear my lover,Novelbright (노벨브라이트),,,,y7R0uO-QYm0
ふたりなら,Novelbright (노벨브라이트),,,,Xq1T1XWk35c
拝啓、親愛なる君へ,Novelbright (노벨브라이트),,,,r9uE50bE6Jg
タイムパラドックス,Novelbright (노벨브라이트),,,,K9r-l002G1Q
夢花火,Novelbright (노벨브라이트),,,,o1G7lVp9t2M
優しさの剣,Novelbright (노벨브라이트),,,,yF6mP4L45xQ
ラストシーン,Novelbright (노벨브라이트),,,,XQ9kO-5F2D0
夜空に舞う鷹のように,Novelbright (노벨브라이트),,,,g-9_F3V0X6o
Revive,Novelbright (노벨브라이트),,,,jW96R0l40yE
Your Broken Shore,My Dying Bride (마이 다잉 브라이드),,,,XWzVj9hR3rU
Symphonaire Infernus Et Spera Empyrium,My Dying Bride (마이 다잉 브라이드),,,,tGg480Lg-vI
The Cry of Mankind,My Dying Bride (마이 다잉 브라이드),,,,7k7aA6xU99Y
The Lies I Weave,My Dying Bride (마이 다잉 브라이드),,,,uD77d0F93iQ
Turn Loose the Swans,My Dying Bride (마이 다잉 브라이드),,,,D62Tz1Xj_eU
The Raven and the Rose,My Dying Bride (마이 다잉 브라이드),,,,102I8UuI4uM
Feel the Misery,My Dying Bride (마이 다잉 브라이드),,,,Wl6J81C5mOg
The Solace,My Dying Bride (마이 다잉 브라이드),,,,5qYkE9E_2Xw
From Darkest Skies,My Dying Bride (마이 다잉 브라이드),,,,U3f-T_N-x1E
She Is the Dark,My Dying Bride (마이 다잉 브라이드),,,,16327eR0xJg
Like Gods of the Sun,My Dying Bride (마이 다잉 브라이드),,,,Gf9Hh01H_hY
The Light at the End of the World,My Dying Bride (마이 다잉 브라이드),,,,wP-0E24sY1c
And My Fell Swoop,My Dying Bride (마이 다잉 브라이드),,,,2eYgV_4y3mI
The Thrash of Naked Limbs,My Dying Bride (마이 다잉 브라이드),,,,Xo1L9T2Vj60
A Kiss to Remember,My Dying Bride (마이 다잉 브라이드),,,,3p3_rG188b4
God Is Alone,My Dying Bride (마이 다잉 브라이드),,,,2hB2y2o1f-E
slash,yama (야마),,,,09-0dK25d3M
あなたは誰ですか,yama (야마),,,,a9W05p2Gk4I
問題ない,yama (야마),,,,81sJ1k-P_f0
魔法,yama (야마),,,,7N2j9tXn5hQ
起死回生,yama (야마),,,,v4nUo9zC59A
Thanks for waiting,yama (야마),,,,p8Hw-uX_7s4
証,yama (야마),,,,dP_R2Cj-XjA
慟哭,yama (야마),,,,bJjX-eD1Xh0
奇跡,yama (야마),,,,lN2g2V0x9V8
いっしゅん,yama (야마),,,,C_R73K_9B68
ストライク,yama (야마),,,,41WfC3oW7l8
カオス,yama (야마),,,,wT8F7d6g03w
刹那,yama (야마),,,,c-Kq5c2Bw4U
色彩,yama (야마),,,,gS7F8N60L3w
春を告げる,yama (야마),,,,K_9yiN091tQ
足跡,yama (야마),,,,v4s1o41Nl6M
真夜中の日比,yama (야마),,,,sN_Wf0dO2lQ
Bad,CHRISTOPHER (크리스토퍼),,,,F0J5G7W810Y
CPH Girls,CHRISTOPHER (크리스토퍼),,,,02fVp_3uGys
My Heart,CHRISTOPHER (크리스토퍼),,,,zJgQY5s93S4
Good to Know,CHRISTOPHER (크리스토퍼),,,,wXhXb9H97e8
Tulips,CHRISTOPHER (크리스토퍼),,,,p79tL1qX3kY
Irony,CHRISTOPHER (크리스토퍼),,,,zL7k68J1i3U
Told You So,CHRISTOPHER (크리스토퍼),,,,h0n8s-3qSgc
Fall So Hard,CHRISTOPHER (크리스토퍼),,,,z8o_yQ76P7o
If It Wasn't for You,CHRISTOPHER (크리스토퍼),,,,b-J6sO-l4xU
Limousine,CHRISTOPHER (크리스토퍼),,,,Nn_D2Hj0L5g
Heartbeat,CHRISTOPHER (크리스토퍼),,,,83xP00w2oO0
Fall Down,CHRISTOPHER (크리스토퍼),,,,H74t201Yp3k
Figured It Out,CHRISTOPHER (크리스토퍼),,,,S38vP7oH-D4
When We Get Old,CHRISTOPHER (크리스토퍼),,,,fVj1sL_R3D8
Hope This Song Is for You,CHRISTOPHER (크리스토퍼),,,,VpC1Y1x_Vjo
High,CHRISTOPHER (크리스토퍼),,,,z6qWfD3d2sU
If I Could,CHRISTOPHER (크리스토퍼),,,,34d7w0w0X8o
Mama,CHRISTOPHER (크리스토퍼),,,,Yf-02F5b2r8
Numb,CHRISTOPHER (크리스토퍼),,,,0k5iT70M1Xk
Pop Virus,Gen Hoshino (호시노 겐),,,,XW2M-jFvMps
SUN,Gen Hoshino (호시노 겐),,,,P_CPQ7E1u_U
Family Song,Gen Hoshino (호시노 겐),,,,sX_xW7s_a8U
Same Thing (feat. Superorganism),Gen Hoshino (호시노 겐),,,,2L9Xy05p0uU
Cube,Gen Hoshino (호시노 겐),,,,T0z7Ua0L8l8
I Wanna Be Your Dog,Gen Hoshino (호시노 겐),,,,31iF_8o4D7E
Doraemon,Gen Hoshino (호시노 겐),,,,oY2o8D_4k1U
化物 (Bakemono),Gen Hoshino (호시노 겐),,,,V4p8m0H_b2c
Comedy,Gen Hoshino (호시노 겐),,,,XgHh4Jd_3bQ
創造 (Sozo),Gen Hoshino (호시노 겐),,,,u4_kXFp-1C0
Work Song,Gen Hoshino (호시노 겐),,,,lU1-J-7zYkQ
生命体 (Seimeitai),Gen Hoshino (호시노 겐),,,,3l3l4G7f2m0
Idea,Gen Hoshino (호시노 겐),,,,p6sE0E2G_sU
光の跡 (Hikari no Ato),Gen Hoshino (호시노 겐),,,,p03K_f46S_g
Koi,Gen Hoshino (호시노 겐),,,,jhB2aWf9b0Y
Week End,Gen Hoshino (호시노 겐),,,,Ie9gX1T3D4A
Hello Song,Gen Hoshino (호시노 겐),,,,mE0t1m7c9t8
Ain't Nobody Know,Gen Hoshino (호시노 겐),,,,mC0t1m7c9t8
Absolute Life,Konomi Suzuki (코노미 스즈키),,,,gD-2O9gC7hA
Bursty Greedy Spider,Konomi Suzuki (코노미 스즈키),,,,v2L2R6_p2yU
Theater of Life,Konomi Suzuki (코노미 스즈키),,,,YkKAdT4Q27Q
ANCIENT FLOWER,Konomi Suzuki (코노미 스즈키),,,,yf_wYwJtY6s
Realize,Konomi Suzuki (코노미 스즈키),,,,2-pC_W-d2D4
MY DEAREST,Konomi Suzuki (코노미 스즈키),,,,O6d4c0YjT_Q
Love?,Konomi Suzuki (코노미 스즈키),,,,QY47t5fB39c
Secret Code,Konomi Suzuki (코노미 스즈키),,,,
DAYS of DASH (Acoustic ver.),Konomi Suzuki (코노미 스즈키),,,,YLp_6M_n594
THERE IS A REASON,Konomi Suzuki (코노미 스즈키),,,,P6gB-eT_J3I
Missing Promise,Konomi Suzuki (코노미 스즈키),,,,oF5qP-95XoI
Lasting Hope,Konomi Suzuki (코노미 스즈키),,,,jK5X4375bFE
Redo,Konomi Suzuki (코노미 스즈키),,,,V1qB9C0jL4Y
CHOIR JAIL,Konomi Suzuki (코노미 스즈키),,,,Kq71z4Q1p1M
Change my mind,Konomi Suzuki (코노미 스즈키),,,,
Noisy Night,Konomi Suzuki (코노미 스즈키),,,,_oJ1dJ3h_v8
This game,Konomi Suzuki (코노미 스즈키),,,,y_T8Pz7S2nI
Blow out,Konomi Suzuki (코노미 스즈키),,,,7g9-M110w7c
KAIJIN,Konomi Suzuki (코노미 스즈키),,,,
Shiny Days,Konomi Suzuki (코노미 스즈키),,,,zK76X4u3wJ0
AITAKUTE,Konomi Suzuki (코노미 스즈키),,,,
CORSO,"Tyler, The Creator (타일러, 더 크리에이터)",,,,M0t81iN1J7k
LEMONHEAD,"Tyler, The Creator (타일러, 더 크리에이터)",,,,rXh1T09b78E
LUMBERJACK,"Tyler, The Creator (타일러, 더 크리에이터)",,,,1y-Ff2bM26M
WUSYANAME,"Tyler, The Creator (타일러, 더 크리에이터)",,,,e_bE3xT1J_w
NEW MAGIC WAND,"Tyler, The Creator (타일러, 더 크리에이터)",,,,kXp0vWc0M-o
I THINK,"Tyler, The Creator (타일러, 더 크리에이터)",,,,u4y9_N_v0u0
EARFQUAKE,"Tyler, The Creator (타일러, 더 크리에이터)",,,,hm_p_k2Vz70
SEE YOU AGAIN,"Tyler, The Creator (타일러, 더 크리에이터)",,,,A_g3lMcWVy4
911 / Mr. Lonely,"Tyler, The Creator (타일러, 더 크리에이터)",,,,hB3r-i4c0A4
ARE WE STILL FRIENDS?,"Tyler, The Creator (타일러, 더 크리에이터)",,,,C0n8Jz_FpI0
IFHY,"Tyler, The Creator (타일러, 더 크리에이터)",,,,3lDqMxNY194
WHO DAT BOY,"Tyler, The Creator (타일러, 더 크리에이터)",,,,f_Jm0jK-k6U
TAMALE,"Tyler, The Creator (타일러, 더 크리에이터)",,,,QzV1_q_yC6A
SMUCKERS,"Tyler, The Creator (타일러, 더 크리에이터)",,,,gV-X3K_s22o
"GONE, GONE / THANK YOU","Tyler, The Creator (타일러, 더 크리에이터)",,,,Pj8P_00fIys
DOGTOOTH,"Tyler, The Creator (타일러, 더 크리에이터)",,,,sBvV2k7E_P8
RUNITUP,"Tyler, The Creator (타일러, 더 크리에이터)",,,,L0yXh73E470
HOT WIND BLOWS,"Tyler, The Creator (타일러, 더 크리에이터)",,,,fXyY1y-kS50
ANTI-HERO,SEKAI NO OWARI (세카이 노 오와리),,,,gT5-W3mQG0o
Death Disco,SEKAI NO OWARI (세카이 노 오와리),,,,y3hR9vP3-eQ
Dropout,SEKAI NO OWARI (세카이 노 오와리),,,,e_p4E91J-rE
Hey Ho,SEKAI NO OWARI (세카이 노 오와리),,,,n-g-t-oP4eA
Error,SEKAI NO OWARI (세카이 노 오와리),,,,nNfQjC68JtY
Dragon Night,SEKAI NO OWARI (세카이 노 오와리),,,,L3wKzyIN1yk
Habit,SEKAI NO OWARI (세카이 노 오와리),,,,jJzw1h5N_wQ
환상,SEKAI NO OWARI (세카이 노 오와리),,,,p799z7wD0Hk
RAIN,SEKAI NO OWARI (세카이 노 오와리),,,,zR6fF1i6f4Y
Silent,SEKAI NO OWARI (세카이 노 오와리),,,,o04f_Wp4k1o
벚꽃의 밤,SEKAI NO OWARI (세카이 노 오와리),,,,kYJ400s6P_4
주술,SEKAI NO OWARI (세카이 노 오와리),,,,480W_f5eL3g
Saraba,SEKAI NO OWARI (세카이 노 오와리),,,,9_dE55s_s8s
Magic,SEKAI NO OWARI (세카이 노 오와리),,,,cM3yR1N84_o
Starlight Parade,SEKAI NO OWARI (세카이 노 오와리),,,,Yf0iY5_y05c
RPG,SEKAI NO OWARI (세카이 노 오와리),,,,K3-wvjF1X2E
Instant Radio,SEKAI NO OWARI (세카이 노 오와리),,,,F0m13p9iB8c
HYAENA,Travis Scott (트래비스 스캇),,,,S8L3R4vN_z4
THANK GOD,Travis Scott (트래비스 스캇),,,,K3HwJmI4iN0
MODERN JAM,Travis Scott (트래비스 스캇),,,,t-q0X0236qQ
CIRCUS MAXIMUS,Travis Scott (트래비스 스캇),,,,TzI7yG4vK_0
My Eyes,Travis Scott (트래비스 스캇),,,,s41pQ9R8Ckw
BUTTERFLY EFFECT,Travis Scott (트래비스 스캇),,,,uwxY3A6jU2Q
HIGHEST IN THE ROOM,Travis Scott (트래비스 스캇),,,,tfSS1e3kYeo
SICKO MODE,Travis Scott (트래비스 스캇),,,,d-JBBNg_DEs
MAFIA,Travis Scott (트래비스 스캇),,,,wXW4d-72v2Q
I KNOW ?,Travis Scott (트래비스 스캇),,,,Xq33k3uX29Q
NO BYSTANDERS,Travis Scott (트래비스 스캇),,,,sY0F84lW9zQ
ANTIDOTE,Travis Scott (트래비스 스캇),,,,kn-1D5z3-Cs
MELTDOWN,Travis Scott (트래비스 스캇),,,,H74tPj6_c6Q
K-POP,Travis Scott (트래비스 스캇),,,,y_x8o8b2x_E
FE!N,Travis Scott (트래비스 스캇),,,,tT8O9f4u65k
goosebumps,Travis Scott (트래비스 스캇),,,,gT8M8-sJ-iI
TELEKINESIS,Travis Scott (트래비스 스캇),,,,jW01wP3K6Xw
OOPARTS,Hitsujibungaku (히츠지분가쿠),,,,F1s0G-G3n1U
GO!!!,Hitsujibungaku (히츠지분가쿠),,,,kYJ5k8232X8
FOOL,Hitsujibungaku (히츠지분가쿠),,,,g3u24h7H-Uo
more than words,Hitsujibungaku (히츠지분가쿠),,,,vV1p8z90jK4
seaside bound,Hitsujibungaku (히츠지분가쿠),,,,p4vW7g2rJpM
永遠のブルー (Eien no Blue),Hitsujibungaku (히츠지분가쿠),,,,N4T_r9uB-vI
Addiction (中毒),Hitsujibungaku (히츠지분가쿠),,,,uF_F8z05LhE
人魚 (Ningyo),Hitsujibungaku (히츠지분가쿠),,,,4269T4dYt4Y
powers,Hitsujibungaku (히츠지분가쿠),,,,mD12D_3WJ3s
深夜 (Shinya),Hitsujibungaku (히츠지분가쿠),,,,P_32XN09Gms
きらめき (Kirameki),Hitsujibungaku (히츠지분가쿠),,,,R0R0D-01q54
ハイウェイ (Highway),Hitsujibungaku (히츠지분가쿠),,,,68E6y1r8m_k
光るとき (Hikaru Toki),Hitsujibungaku (히츠지분가쿠),,,,t5J-B2pI70w
くだらない (Kudaranai),Hitsujibungaku (히츠지분가쿠),,,,1xN5_4kFm18
ロマンス (Romance),Hitsujibungaku (히츠지분가쿠),,,,rCydm4eJ_6E
マフラー (Muffler),Hitsujibungaku (히츠지분가쿠),,,,B75K_1tN4bA
our hope,Hitsujibungaku (히츠지분가쿠),,,,UqM2QnL5q00
step,Hitsujibungaku (히츠지분가쿠),,,,gS-H_hE0L6Q
予感 (Yokan),Hitsujibungaku (히츠지분가쿠),,,,uR0Xz_Lz60k
