concert_title,setlist_title,type,status
핑크스웨츠 내한공연: Pink Sweat $ Live in Seoul,핑크스웨츠 내한공연: Pink Sweat $ Live in Seoul 예상 셋리스트,EXPECTED,
"SAKIYAMA SOUSHI 연주이야기 투어, DIARY","SAKIYAMA SOUSHI 연주이야기 투어, DIARY 예상 셋리스트",EXPECTED,
에릭 마틴 내한공연,에릭 마틴 내한공연 예상 셋리스트,EXPECTED,
ARGY 내한 콘서트 1st show in korea,ARGY 내한 콘서트 1st show in korea 예상 셋리스트,EXPECTED,
MADKID LIVE TOUR: MAZE MUSEUM [서울 (앵콜) ],MADKID LIVE TOUR: MAZE MUSEUM [서울 (앵콜) ] 예상 셋리스트,EXPECTED,
오아시스 내한공연 [고양],오아시스 내한공연 [고양] 예상 셋리스트,EXPECTED,
TOMIOKA AI ASIA TOUR [서울],TOMIOKA AI ASIA TOUR [서울] 예상 셋리스트,EXPECTED,
PURA LANA #2 John Carroll Kirby [제주],PURA LANA #2 John Carroll Kirby [제주] 예상 셋리스트,EXPECTED,
Creepy Nuts ASIA TOUR in Seoul,Creepy Nuts ASIA TOUR in Seoul 예상 셋리스트,EXPECTED,
toe New Album Release Tour: NOW WE SEE THE LIGHT [서울],toe New Album Release Tour: NOW WE SEE THE LIGHT [서울] 예상 셋리스트,EXPECTED,
JORDANN ASIA TOUR IN SEOUL,JORDANN ASIA TOUR IN SEOUL 예상 셋리스트,EXPECTED,
"NEMOPHILA Live, MVXS 5 [서울]","NEMOPHILA Live, MVXS 5 [서울] 예상 셋리스트",EXPECTED,
챤미나 내한공연: CHANMINA AREA OF DIAMOND3,챤미나 내한공연: CHANMINA AREA OF DIAMOND3 예상 셋리스트,EXPECTED,
toconoma ISLAND World Tour [서울],toconoma ISLAND World Tour [서울] 예상 셋리스트,EXPECTED,
제이크 밀러 첫 단독 내한공연 JAKE MILLER BALANCE TOUR,제이크 밀러 첫 단독 내한공연 JAKE MILLER BALANCE TOUR 예상 셋리스트,EXPECTED,
톰 그래넌 내한공연 GRENNAN'25,톰 그래넌 내한공연 GRENNAN'25 예상 셋리스트,EXPECTED,
뮤즈 내한공연 (MUSE LIVE IN KOREA),뮤즈 내한공연 (MUSE LIVE IN KOREA) 예상 셋리스트,EXPECTED,
녹황색사회 아시아 투어,녹황색사회 아시아 투어 예상 셋리스트,EXPECTED,
ASCA ASIA TOUR [서울],ASCA ASIA TOUR [서울] 예상 셋리스트,EXPECTED,
Jacky Cheung 60+ Concert Tour [인천],Jacky Cheung 60+ Concert Tour [인천] 예상 셋리스트,EXPECTED,
"SCANDAL TOUR: LOVE, SPARK, JOY! [서울]","SCANDAL TOUR: LOVE, SPARK, JOY! [서울] 예상 셋리스트",EXPECTED,
Daoko THE YOU ZIZAI ASIA TOUR [서울],Daoko THE YOU ZIZAI ASIA TOUR [서울] 예상 셋리스트,EXPECTED,
Minami Earthtication [서울],Minami Earthtication [서울] 예상 셋리스트,EXPECTED,
Novelbright LIVE TOUR [서울],Novelbright LIVE TOUR [서울] 예상 셋리스트,EXPECTED,
My Dying Bride 내한공연,My Dying Bride 내한공연 예상 셋리스트,EXPECTED,
yama Asia Tour: 호시탐탐 [서울],yama Asia Tour: 호시탐탐 [서울] 예상 셋리스트,EXPECTED,
크리스토퍼 내한공연 CHRISTOPHER LIVE [서울],크리스토퍼 내한공연 CHRISTOPHER LIVE [서울] 예상 셋리스트,EXPECTED,
Gen Hoshino presents MAD HOPE Asia Tour in SEOUL,Gen Hoshino presents MAD HOPE Asia Tour in SEOUL 예상 셋리스트,EXPECTED,
Konomi Suzuki Asia Tour [서울],Konomi Suzuki Asia Tour [서울] 예상 셋리스트,EXPECTED,
"타일러, 더 크리에이터 내한공연 [고양]","타일러, 더 크리에이터 내한공연 [고양] 예상 셋리스트",EXPECTED,
SEKAI NO OWARI ASIA TOUR: Phoenix in Seoul,SEKAI NO OWARI ASIA TOUR: Phoenix in Seoul 예상 셋리스트,EXPECTED,
트래비스 스캇 첫 단독 내한공연 [고양],트래비스 스캇 첫 단독 내한공연 [고양] 예상 셋리스트,EXPECTED,
"Hitsujibungaku (히츠지분가쿠) Asia Tour: Right now, right here. [서울]","Hitsujibungaku (히츠지분가쿠) Asia Tour: Right now, right here. [서울] 예상 셋리스트",EXPECTED,
