artist_name,concert_title,title,content
CHRISTOPHER (크리스토퍼),크리스토퍼 내한공연 CHRISTOPHER LIVE [서울],아티스트와 팬 소통 방식,"크리스토퍼는 이전 내한공연에서 무대 위에서 한국어로 인사를 건네거나 짧은 멘트를 하는 등 팬들과 적극적으로 소통하려는 모습을 보여왔어요. 노래 중간중간 팬들과 눈을 맞추거나 제스처를 취하며 교감하는 경우가 많아, 공연이 더욱 생생하고 친밀하게 느껴진다는 평이 많아요. 공식 SNS를 통해 공연 전후로 팬들과 소통하는 경우도 있으니 참고하시면 좋아요."
Jacky Cheung (장학우),Jacky Cheung 60+ Concert Tour [인천],장학우 콘서트의 '명품 라이브'와 성숙한 팬덤 분위기,"장학우의 콘서트는 그의 압도적인 가창력과 풍성한 라이브 밴드 연주가 어우러진 '명품 라이브'로 정평이 나 있어요. '60+ 콘서트 투어' 또한 이러한 기조를 유지하며, 관객들은 최고의 음향과 무대 연출 속에서 그의 히트곡들을 즐길 수 있어요. 장학우의 팬덤 문화는 열광적인 응원보다는 그의 음악과 무대에 집중하며 경청하는 성숙한 분위기가 특징이에요. 팬들은 주로 공식 응원봉을 들고 함께 노래를 따라 부르거나 박수를 보내며 아티스트에 대한 존경과 애정을 표현하는 경향이 있어요."
JAKE MILLER (제이크 밀러),제이크 밀러 첫 단독 내한공연 JAKE MILLER BALANCE TOUR,관람 시 유의사항 및 주변 정보,"무신사 개러지 공연은 대부분 스탠딩으로 진행되므로, 오랜 시간 서서 관람해야 해요. 편안한 신발을 착용하시는 것을 추천드립니다. 또한, 공연장 특성상 별도의 주차 공간이 매우 협소하거나 아예 없는 경우가 많으니, 대중교통을 이용하시는 것이 가장 현명합니다. 공연 당일 주변 도로가 혼잡할 수 있으니, 여유 있게 도착하여 입장하는 것을 권해드려요."
John Carroll Kirby (존 캐럴 커비),PURA LANA #2 John Carroll Kirby [제주],"기타 콘서트 전 참고하면 좋은 여러 가지 콘서트, 아티스트 관련 정보","존 캐럴 커비는 재즈, 펑크, 그리고 실험적인 사운드를 넘나드는 미국의 뛰어난 피아니스트이자 작곡가이에요. 그의 음악은 섬세한 피아노 연주와 독특한 그루브가 특징이며, 라이브 공연에서는 즉흥적인 연주와 깊은 몰입감을 선사하는 것으로 잘 알려져 있어요. 'PURA LANA' 시리즈는 아티스트의 음악 세계를 깊이 탐구하고 교감하는 데 중점을 둔 기획 공연인 만큼, 존 캐럴 커비의 음악을 오롯이 경험하며 새로운 영감을 얻을 수 있는 특별한 기회가 될 것이에요. 그의 이전 앨범들을 미리 들어보고 오시면 더욱 풍성한 공연 관람이 가능할 거예요."
Konomi Suzuki (코노미 스즈키),Konomi Suzuki Asia Tour [서울],Konomi Suzuki (코노미 스즈키) 콘서트 관람 시 참고사항,"주요 곡의 가사나 응원법을 미리 숙지하면 더욱 몰입감 있는 경험을 할 수 있어요. 공연 중 소지품이 분실되지 않도록 가방은 최소화하고, 휴대가 간편한 크로스백 등을 활용하는 것이 좋아요. 또한, 공연의 열기 속에서 갈증을 느낄 수 있으므로 페트병에 담긴 생수 한 병을 준비하는 것도 좋은 방법이에요. Konomi Suzuki (코노미 스즈키)의 파워풀한 라이브를 온전히 즐기기 위해 컨디션 조절에도 신경 써 주세요."
MADKID (매드키드),MADKID LIVE TOUR: MAZE MUSEUM [서울 (앵콜) ],대원 팝콘D 스퀘어 공연장 이용 및 교통 안내,"대원 팝콘D 스퀘어는 서울 용산 아이파크몰 6층에 위치한 공연장이에요. KTX 용산역 및 지하철 1호선, 경의중앙선 용산역과 직접 연결되어 있어 대중교통을 이용한 접근성이 매우 뛰어납니다. 공연장 주변에는 아이파크몰 내 다양한 식음료 매장과 편의시설이 있어 공연 전후로 편리하게 이용할 수 있어요. 자가용 이용 시 아이파크몰 주차장을 이용할 수 있으나, 콘서트 당일에는 교통 혼잡 및 주차 공간 부족이 예상되므로 대중교통 이용을 적극 권장합니다. 공연장 내 좌석 시야는 비교적 좋은 편이나, 무대 연출 및 배치에 따라 일부 좌석의 시야 방해가 있을 수 있으니 예매 시 참고하시는 것이 좋어요."
Minami (미나미),Minami Earthtication [서울],예스24 라이브홀 주변 환경 및 주의사항,"Minami (미나미)의 2025년 9월 12일 예스24 라이브홀 콘서트를 관람하실 때, 공연장 주변 환경에 대한 몇 가지 참고사항이 있어요. 공연장 근처에는 식사할 만한 음식점이나 카페가 많지 않으므로, 미리 식사를 해결하시거나 간단한 음료 등을 준비하시는 것이 편리합니다. 공연 시작 전후로 인파가 몰려 혼잡할 수 있으니, 입장 및 퇴장 시 안전에 유의하시고 안내원의 지시에 따라 주시는 것이 중요합니다."
toe (토),toe New Album Release Tour: NOW WE SEE THE LIGHT [서울],콘서트 관람 시 분위기 및 팁,"toe (토) 밴드의 공연은 그들의 포스트 록 장르적 특성과 맞물려, 관객들이 음악에 깊이 집중하여 조용히 감상하는 분위기가 일반적이에요. 시끄러운 함성이나 구호보다는 밴드의 섬세한 연주에 대한 깊은 몰입과 박수로 아티스트와 소통하는 문화가 있어요. 2025년 10월 1일 무신사 개러지에서 열릴 공연에서도 이러한 toe (토) 특유의 차분하면서도 열정적인 음악 감상 분위기를 예상할 수 있어요. 공연 중 휴대폰 사용은 자제하고, 음악에 온전히 집중하는 것이 아티스트와 다른 관객들에게 더욱 풍부한 경험을 선사할 거예요."
Tom Grennan (톰 그래넌),톰 그래넌 내한공연 GRENNAN'25,콘서트 전 참고할 톰 그래넌 음악 스타일,"톰 그래넌은 영국의 싱어송라이터로, 소울풀하면서도 허스키한 보이스와 에너제틱한 퍼포먼스로 유명합니다. 그의 음악은 얼터너티브 록, 팝, 소울 장르를 넘나들며, 관객과의 교감을 중시하는 라이브 무대를 선보이에요. 대표곡으로는 'Little Bit of Love', 'By Your Side', 'Remind Me' 등이 있으며, 떼창하기 좋은 후렴구가 많아 그의 콘서트에서는 뜨거운 떼창 문화가 형성될 가능성이 높어요. 공연 전 주요 곡들을 미리 듣고 가시면 콘서트 분위기를 더욱 신나게 즐기실 수 있을 거예요."
